{
  "bpm_mean": 77.89497916666667,
  "bpm_std": 8.655766036815198,
  "hrv_mean": 28.689041666666665,
  "hrv_std": 12.663922333086331,
  "spo2_mean": 97.48795833333332,
  "spo2_std": 0.7935250565359737
}